{"v":"4.11.2","fr":60,"ip":0,"op":60,"w":72,"h":72,"nm":"合成 1","ddd":0,"assets":[{"id":"comp_0","layers":[{"ddd":0,"ind":1,"ty":0,"nm":"合成 2","refId":"comp_1","sr":1,"ks":{"o":{"a":0,"k":100,"ix":11},"r":{"a":0,"k":0,"ix":10},"p":{"a":0,"k":[63.5,36,0],"ix":2},"a":{"a":0,"k":[2.5,20,0],"ix":1},"s":{"a":0,"k":[100,100,100],"ix":6}},"ao":0,"w":5,"h":40,"ip":-48,"op":12,"st":-48,"bm":0},{"ddd":0,"ind":2,"ty":0,"nm":"合成 2","refId":"comp_1","sr":1,"ks":{"o":{"a":0,"k":100,"ix":11},"r":{"a":0,"k":0,"ix":10},"p":{"a":0,"k":[63.5,36,0],"ix":2},"a":{"a":0,"k":[2.5,20,0],"ix":1},"s":{"a":0,"k":[100,100,100],"ix":6}},"ao":0,"w":5,"h":40,"ip":12,"op":72,"st":12,"bm":0},{"ddd":0,"ind":3,"ty":0,"nm":"合成 2","refId":"comp_1","sr":1,"ks":{"o":{"a":0,"k":100,"ix":11},"r":{"a":0,"k":0,"ix":10},"p":{"a":0,"k":[49.75,36,0],"ix":2},"a":{"a":0,"k":[2.5,20,0],"ix":1},"s":{"a":0,"k":[100,100,100],"ix":6}},"ao":0,"w":5,"h":40,"ip":-54,"op":6,"st":-54,"bm":0},{"ddd":0,"ind":4,"ty":0,"nm":"合成 2","refId":"comp_1","sr":1,"ks":{"o":{"a":0,"k":100,"ix":11},"r":{"a":0,"k":0,"ix":10},"p":{"a":0,"k":[49.75,36,0],"ix":2},"a":{"a":0,"k":[2.5,20,0],"ix":1},"s":{"a":0,"k":[100,100,100],"ix":6}},"ao":0,"w":5,"h":40,"ip":6,"op":66,"st":6,"bm":0},{"ddd":0,"ind":5,"ty":0,"nm":"合成 2","refId":"comp_1","sr":1,"ks":{"o":{"a":0,"k":100,"ix":11},"r":{"a":0,"k":0,"ix":10},"p":{"a":0,"k":[36,36,0],"ix":2},"a":{"a":0,"k":[2.5,20,0],"ix":1},"s":{"a":0,"k":[100,100,100],"ix":6}},"ao":0,"w":5,"h":40,"ip":0,"op":60,"st":0,"bm":0},{"ddd":0,"ind":6,"ty":0,"nm":"合成 2","refId":"comp_1","sr":1,"ks":{"o":{"a":0,"k":100,"ix":11},"r":{"a":0,"k":0,"ix":10},"p":{"a":0,"k":[22.25,36,0],"ix":2},"a":{"a":0,"k":[2.5,20,0],"ix":1},"s":{"a":0,"k":[100,100,100],"ix":6}},"ao":0,"w":5,"h":40,"ip":6,"op":66,"st":6,"bm":0},{"ddd":0,"ind":7,"ty":0,"nm":"合成 2","refId":"comp_1","sr":1,"ks":{"o":{"a":0,"k":100,"ix":11},"r":{"a":0,"k":0,"ix":10},"p":{"a":0,"k":[22.25,36,0],"ix":2},"a":{"a":0,"k":[2.5,20,0],"ix":1},"s":{"a":0,"k":[100,100,100],"ix":6}},"ao":0,"w":5,"h":40,"ip":-54,"op":6,"st":-54,"bm":0},{"ddd":0,"ind":8,"ty":0,"nm":"合成 2","refId":"comp_1","sr":1,"ks":{"o":{"a":0,"k":100,"ix":11},"r":{"a":0,"k":0,"ix":10},"p":{"a":0,"k":[8.5,36,0],"ix":2},"a":{"a":0,"k":[2.5,20,0],"ix":1},"s":{"a":0,"k":[100,100,100],"ix":6}},"ao":0,"w":5,"h":40,"ip":12,"op":72,"st":12,"bm":0},{"ddd":0,"ind":9,"ty":0,"nm":"合成 2","refId":"comp_1","sr":1,"ks":{"o":{"a":0,"k":100,"ix":11},"r":{"a":0,"k":0,"ix":10},"p":{"a":0,"k":[8.5,36,0],"ix":2},"a":{"a":0,"k":[2.5,20,0],"ix":1},"s":{"a":0,"k":[100,100,100],"ix":6}},"ao":0,"w":5,"h":40,"ip":-48,"op":12,"st":-48,"bm":0}]},{"id":"comp_1","layers":[{"ddd":0,"ind":1,"ty":4,"nm":"形状图层 1","sr":1,"ks":{"o":{"a":0,"k":100,"ix":11},"r":{"a":0,"k":0,"ix":10},"p":{"a":0,"k":[2.5,20,0],"ix":2},"a":{"a":0,"k":[0,0,0],"ix":1},"s":{"a":0,"k":[100,100,100],"ix":6}},"ao":0,"shapes":[{"ty":"gr","it":[{"ty":"rc","d":1,"s":{"a":1,"k":[{"i":{"x":[0.667,0.667],"y":[1,1]},"o":{"x":[0.333,0.333],"y":[0,0]},"n":["0p667_1_0p333_0","0p667_1_0p333_0"],"t":0,"s":[5,16],"e":[5,40]},{"i":{"x":[0.667,0.667],"y":[1,1]},"o":{"x":[0.333,0.333],"y":[-0.035,0]},"n":["0p667_1_0p333_-0p035","0p667_1_0p333_0"],"t":10,"s":[5,40],"e":[5,16]},{"i":{"x":[0.667,0.667],"y":[1,1]},"o":{"x":[0.333,0.333],"y":[0,0]},"n":["0p667_1_0p333_0","0p667_1_0p333_0"],"t":20,"s":[5,16],"e":[5,40]},{"i":{"x":[0.667,0.098],"y":[1,0.987]},"o":{"x":[0.333,0.131],"y":[0,0]},"n":["0p667_1_0p333_0","0p098_0p987_0p131_0"],"t":30,"s":[5,40],"e":[5,16]},{"t":60}],"ix":2},"p":{"a":0,"k":[0,0],"ix":3},"r":{"a":0,"k":3,"ix":4},"nm":"矩形路径 1","mn":"ADBE Vector Shape - Rect","hd":false},{"ty":"tr","p":{"a":0,"k":[0,0],"ix":2},"a":{"a":0,"k":[0,0],"ix":1},"s":{"a":0,"k":[100,100],"ix":3},"r":{"a":0,"k":0,"ix":6},"o":{"a":0,"k":100,"ix":7},"sk":{"a":0,"k":0,"ix":4},"sa":{"a":0,"k":0,"ix":5},"nm":"变换"}],"nm":"矩形 1","np":1,"cix":2,"ix":1,"mn":"ADBE Vector Group","hd":false},{"ty":"fl","c":{"a":0,"k":[0.180392161012,0.643137276173,1,1],"ix":4},"o":{"a":0,"k":60,"ix":5},"r":1,"nm":"填充 1","mn":"ADBE Vector Graphic - Fill","hd":false}],"ip":0,"op":60,"st":0,"bm":0}]}],"layers":[{"ddd":0,"ind":1,"ty":0,"nm":"合成 1","refId":"comp_0","sr":1,"ks":{"o":{"a":0,"k":100,"ix":11},"r":{"a":0,"k":0,"ix":10},"p":{"a":0,"k":[36,36,0],"ix":2},"a":{"a":0,"k":[36,36,0],"ix":1},"s":{"a":0,"k":[100,100,100],"ix":6}},"ao":0,"w":72,"h":72,"ip":0,"op":271,"st":0,"bm":0}]}